key,vi,en
discountLable2,Giảm,Discount
sold,đã bán,sold
origin,Xuất xứ,Origin
size,Kích thước,Size
weight,Trọng lượng,Weight
state,Tình trạng,State
warranty,Bảo hành,Warranty
description,Mô tả,Description
parameters,Thông số,Parameters
newState,Mới,New
likeNew,99%,99%
seeMore,Xem Thêm,See More
seeLess,Thu Gọn,See Less
productEmpty,Không có sản phẩm nào,Product is empty
search,Tìm kiếm,Search
viewReviewItem,Xem đánh giá,Review
productReview,Đánh giá sản phẩm,Product reviews
seeAll,Xem tất cả,See all